{
    "id": "foundry-rest-api",
    "title": "Foundry REST API",
    "description": "Adds rest endpoint to get data from FoundryVTT",
    "version": "1.8.1",
    "authors": [
        {
            "name": "christabone",
            "url": "https://github.com/christabone"
        }
    ],
    "license": "MIT",
    "url": "https://github.com/christabone/foundryvtt-rest-api",
    "bugs": "https://github.com/christabone/foundryvtt-rest-api/issues",
    "manifest": "https://github.com/christabone/foundryvtt-rest-api/releases/latest/download/module.json",
    "download": "https://github.com/christabone/foundryvtt-rest-api/releases/latest/download/module.zip",
    "compatibility": {
        "minimum": "12",
        "verified": "12"
    },
    "languages": [
        {
            "lang": "en",
            "name": "English",
            "path": "languages/en.json"
        }
    ],
    "esmodules": [
        "scripts/module.js"
    ]
}